,code
0,DTR
1,CAY
2,FEMX
3,HCH
4,LRT
5,NZM
6,GDG
7,AX8
8,SRN
9,AJL
10,NES
11,PCK
12,SKN
13,WVOL
14,PGL
15,WTC
16,PIQ
17,PE1
18,LNK
19,FZR
20,TZL
21,CNI
22,ACR
23,ERL
24,BBL
25,BUY
26,AQZ
27,RMI
28,PMC
29,IBG
30,GBE
31,EMR
32,AVE
33,POD
34,VAP
35,NVA
36,KSM
37,DGR
38,IGO
39,HLO
40,WEC
41,AAC
42,BSX
43,WOA
44,TRA
45,AO1
46,VVA
47,IXI
48,ARV
49,AMT
50,PRU
51,NZK
52,HAW
53,MAQ
54,TGF
55,DTI
56,GCI
57,SOR
58,VGB
59,PTX
60,TAH
61,XTC
62,SXE
63,SHV
64,AGY
65,VEU
66,ABC
67,ALQ
68,FID
69,OLL
70,DRUG
71,REY
72,LCL
73,CL8
74,JHX
75,IS3
76,NAN
77,WBE
78,MAH
79,VBS
80,SAN
81,TML
82,AIZ
83,JRV
84,ZYUS
85,RAG
86,LAW
87,BEN
88,BKW
89,PYC
90,EMN
91,CXL
92,EDC
93,OLI
94,ZMI
95,GTE
96,ADH
97,MVR
98,UBN
99,IPT
100,LBL
101,ORM
102,RF1
103,TMG
104,PCG
105,VLS
106,ICE
107,SCN
108,HT8
109,EMP
110,RMX
111,VGAD
112,ACP
113,E25
114,WLD
115,BGA
116,IVE
117,HLX
118,MPL
119,RINC
120,BIS
121,AJY
122,ERM
123,UCM
124,GLN
125,REIT
126,BTC
127,EX20
128,JLG
129,HMC
130,NUH
131,IZZ
132,VAS
133,IPD
134,XAM
135,AUR
136,BOL
137,NOX
138,MIR
139,3PL
140,IHWL
141,SRY
142,CCX
143,KTA
144,GPR
145,SGR
146,BOC
147,S2R
148,GFL
149,MGR
150,SUN
151,EM2
152,ANL
153,PNN
154,VRS
155,WHK
156,COE
157,HMD
158,ICN
159,QHL
160,ESGI
161,LAM
162,RML
163,ANR
164,GDX
165,SFM
166,RUL
167,DTZ
168,PAI
169,SOL
170,TIG
171,KAU
172,AVG
173,APA
174,NDIA
175,SEK
176,IJR
177,WHC
178,ADR
179,HVST
180,GWR
181,MPR
182,MEZ
183,ABA
184,IMR
185,RNX
186,INV
187,USD
188,NET
189,SMLL
190,OVT
191,ROG
192,WGB
193,AGL
194,AHL
195,RWC
196,IVT
197,BRU
198,AD8
199,MOH
200,NCC
201,LNU
202,IRE
203,EVN
204,ROBO
205,MAY
206,AQI
207,SIG
208,ADD
209,RBD
210,BPP
211,RMS
212,MIO
213,BIT
214,AVC
215,HZR
216,WXOZ
217,MVA
218,PBP
219,IWLD
220,IGL
221,ZGL
222,NDQ
223,MEU
224,SPK
225,CNU
226,SPL
227,PMGOLD
228,MME
229,AIA
230,RHT
231,HACK
232,FTZ
233,NWF
234,SUH
235,OEC
236,WAX
237,AFI
238,PEN
239,GED
240,MPP
241,AGI
242,BKT
243,GLB
244,PKO
245,CCG
246,SRK
247,DJW
248,BRK
249,QUB
250,CVC
251,PPT
252,TFL
253,RXL
254,PVL
255,VHY
256,PCI
257,ETHI
258,KCN
259,SFC
260,BMN
261,RTR
262,NST
263,ECT
264,AEF
265,IEU
266,WQG
267,OPH
268,PFP
269,BUX
270,RPM
271,NTD
272,WWI
273,EXL
274,ACU
275,FGX
276,WEMG
277,WAF
278,KLL
279,DOW
280,RHC
281,OAR
282,MSI
283,PPL
284,ADV
285,CHN
286,CYQ
287,MMS
288,EGG
289,RMY
290,QUE
291,TOP
292,GSM
293,PIL
294,RBTZ
295,XF1
296,PTM
297,RHI
298,VEE
299,MYE
300,CDM
301,PEK
302,GOR
303,CD2
304,INCM
305,WEL
306,PGC
307,BYE
308,MLS
309,MLX
310,IFL
311,JMS
312,PNX
313,PUR
314,VBLD
315,14D
316,GNX
317,BDG
318,DHHF
319,CIW
320,NUF
321,CSE
322,EHL
323,GTN
324,AZS
325,EMV
326,MFF
327,ELD
328,GCR
329,DRX
330,ZIM
331,KP2
332,LPD
333,CPU
334,MCA
335,ARF
336,FFI
337,SLZ
338,HGH
339,PRM
340,PLL
341,TPC
342,IHHY
343,PMV
344,CUP
345,AMX
346,CAG
347,CAA
348,GAS
349,BFC
350,ICU
351,RZI
352,MEC
353,COH
354,ZNO
355,AJQ
356,HPR
357,CIN
358,COY
359,POW
360,DUB
361,OEL
362,CYC
363,KGN
364,TIE
365,FSI
366,CAZ
367,SLM
368,APZ
369,MYR
370,MYX
371,VIG
372,KRM
373,WMI
374,PAN
375,ETPMPM
376,CXZ
377,FGR
378,SFG
379,HMX
380,MVE
381,COS
382,JAL
383,ORG
384,PEX
385,PNR
386,TGN
387,GLH
388,GDF
389,CIA
390,CTM
391,SIX
392,AHK
393,BCT
394,PAC
395,EQX
396,SSG
397,SES
398,CI1
399,SYR
400,QRE
401,TTI
402,MEL
403,EVZ
404,GNM
405,SEQ
406,REA
407,EQE
408,HBRD
409,MFD
410,MXI
411,PVE
412,AKG
413,ARC
414,CIP
415,SCL
416,LAU
417,SIH
418,CD3
419,ANG
420,NTU
421,SEN
422,BTI
423,NHF
424,TCO
425,BUB
426,LOM
427,PKD
428,GDI
429,DHG
430,AFG
431,SCT
432,YRL
433,ASP
434,CAE
435,HCD
436,PLS
437,AOA
438,CCA
439,5GN
440,IHVV
441,IBC
442,BLX
443,VN8
444,PCL
445,AEE
446,BPT
447,G1A
448,TECH
449,LMG
450,IVV
451,NSC
452,EMT
453,SGP
454,CYP
455,ERG
456,ASB
457,CQE
458,FANG
459,TLM
460,FRI
461,MRC
462,VBND
464,ILU
465,KGL
466,ALL
467,PGY
468,TRM
469,BSA
470,SKT
471,PRN
472,ERA
473,EVS
474,RGB
475,ODY
476,MDI
477,AQC
478,APW
479,YMAX
480,LCE
481,EGL
482,CWP
483,REE
484,RCB
485,MAD
486,CAJ
487,BOA
488,SBR
489,ADY
490,SPX
491,RFF
492,TYX
493,F100
494,SXL
495,TNE
496,GROW
497,MBK
498,GRL
499,OPT
500,WDIV
501,CDX
502,MXT
503,AAR
504,DZZF
505,PPG
506,GBR
507,CMM
508,DYL
509,FML
510,ST1
511,BLZ
512,AGH
513,AJX
514,DUI
515,SNZ
516,RND
517,EVT
518,TIP
519,EMD
520,GVF
521,ATU
522,AEI
523,JAY
524,ADX
525,GOLD
526,SI6
527,BEAR
528,SGI
529,GMG
530,GSS
531,GGE
532,ICI
533,NME
534,CEN
535,HCT
536,IOZ
537,NYR
538,MICH
539,YOW
540,APX
541,HXG
542,QVE
543,RIO
544,QIP
545,ENT
546,NSX
547,TWE
548,VRC
549,CUV
550,WSI
551,KAT
552,MSG
553,BEE
554,OCL
555,AAA
556,QRI
557,YAL
558,WML
559,BRI
560,CLZ
561,QHAL
562,EEG
563,DEG
564,CCP
565,BMG
566,TDO
567,KZR
568,YPB
569,PWN
570,BPH
571,HRZ
572,NVU
573,NBI
574,COB
575,FTC
576,JBH
577,K2F
578,ALI
579,WZR
580,MHI
581,ASH
582,WOW
583,BCC
584,EBG
585,AKM
586,OBM
587,NAG
588,SRZ
589,BWP
590,TER
591,GO2
592,ING
593,VLC
594,WCN
595,EME
596,AMN
597,ECL
598,VIF
599,CNJ
600,ROO
601,SHM
602,SVM
603,TWD
604,INIF
605,CYG
606,EINC
607,VCF
608,TCL
609,BSL
610,SBW
611,IEC
612,88E
613,MCT
614,A4N
615,VMT
616,DXB
617,FUEL
618,MVB
619,APE
620,EXP
621,FFG
622,TGH
623,GOZ
624,PAR
625,CCV
626,G88
627,ORN
628,HRN
629,IMU
630,SIT
631,SP3
632,CYM
633,NOR
634,BBC
635,CWX
636,EAX
637,DAF
638,SPQ
639,COG
640,TKL
641,DCG
642,HIT
643,KSN
644,GBND
645,FOOD
646,A1M
647,AR9
648,RXH
649,VTS
650,ACF
651,AQD
652,KGD
653,GUL
654,MCP
655,QAN
656,QEM
657,FPC
658,KBC
659,CPV
660,QMIX
661,XRF
662,BBN
663,UOS
664,MMI
665,TMZ
666,CDD
667,IEQ
668,AUC
669,NEC
670,VMC
671,ADA
672,AYI
673,RIM
674,AIS
675,A2M
676,AUQ
677,EBND
678,WHF
679,KNM
680,KMD
681,CGS
682,PGM
683,GNC
684,GEAR
685,COF
686,HUB
687,EIGA
688,STW
689,CXO
690,RDM
691,ALY
692,CBE
693,ECP
694,VVLU
695,WBT
696,MHJ
697,PLUS
698,TAS
699,FCG
700,MTL
701,PPY
702,DDT
703,MTS
704,PPK
705,JCS
706,AXE
707,TPW
708,VRX
709,CLA
710,KLR
711,MOZ
712,DBF
713,INA
714,FIN
715,EFE
716,DTL
717,WES
718,NHC
719,WDMF
720,RWD
721,VTI
722,KPO
723,HOR
724,MDR
725,DGGF
726,STG
727,TSO
728,BXB
729,NZS
730,SGLLV
731,EVE
732,360
733,SRG
734,BLG
735,AT1
736,DBBF
737,OZR
738,CRED
739,VR1
740,4DS
741,IVR
742,HTA
743,ARB
744,TKM
745,RSM
746,AAP
747,FRX
748,WLE
749,LSX
750,AU1
751,IGB
752,EGR
753,RFT
754,RFX
755,AUZ
756,ABX
757,DOR
758,M8S
759,AZY
760,MHC
761,VGE
762,SGC
763,NMT
764,KSL
765,IDA
766,BWF
767,IBX
768,LIO
769,NWH
770,ASQ
771,ENR
772,EXR
773,CRB
774,EMH
775,ATR
776,CR1
777,BVS
778,CG1
779,ANO
780,CWY
781,NTM
782,OPL
783,NTL
784,TRS
785,RLC
786,REH
787,HLS
788,VHT
789,RNE
790,CDA
791,VPR
792,CTD
793,HFR
794,BYH
795,TZN
796,MTC
797,PIA
798,ZYAU
799,AMC
800,D2O
801,RARI
802,N1H
803,ASX
804,EOF
805,MEA
806,SYI
807,HPI
808,ORI
809,GRV
810,LRS
811,ICG
812,AS1
813,EZL
814,ECF
815,FSG
816,MVS
817,CTP
818,ABV
819,BAS
820,LPE
821,BCI
822,DEV
823,VG1
824,SKC
825,ILB
826,YOJ
827,SFY
828,RXM
829,NOV
830,BNDS
831,MLM
832,AER
833,AGX1
834,MXR
835,ASG
836,KOR
837,AOF
838,FMG
839,AZI
840,MSV
841,CUL
842,GPT
843,TOT
844,ILC
845,ODA
846,TGM
847,FBU
848,SLC
849,NML
850,BHP
851,AUST
852,TTM
853,OAU
854,KEY
855,BLD
856,MCM
857,BCK
858,ETPMPD
859,MEM
860,MX1
861,RBX
862,CDP
863,ALX
864,BGL
865,IJP
866,ARU
867,CIO
868,NAC
869,PL8
870,MND
871,MNRS
872,CLV
873,GTK
874,KTG
875,FLN
876,CETF
877,HNG
878,STN
879,MVF
880,HAV
881,VUK
882,CLW
883,PDI
884,FCT
885,TYR
886,ZIP
887,STX
888,OML
889,WRLD
890,IOO
891,VML
892,FCL
893,AUB
894,THR
895,PLC
896,SHO
897,GSN
898,EMMG
899,SEC
900,AVH
901,URW
902,SKY
903,PSI
904,GRNV
905,IRD
906,MKG
907,MWY
908,DVL
909,MZZ
910,KSC
911,FAIR
912,DNK
913,PO3
914,BOND
915,PGH
916,CVN
917,MPX
918,OCC
919,ATC
920,VEA
922,NGI
923,KAI
924,MCY
925,SDF
926,APL
927,HYD
928,MGU
929,MMM
930,ASN
931,WGN
932,BRN
933,WAA
934,TSL
935,ETPMAG
936,MVOL
937,DRO
938,VDHG
939,CBA
940,DXS
941,AME
942,PGF
943,CAV
944,AVL
945,ARA
946,TLS
947,NVX
948,SW1
949,COL
950,TON
951,NVO
952,KME
953,BFG
954,PNC
955,MAG
956,IFT
957,DKM
958,HE8
959,LVE
960,ATEC
961,IDX
962,SFR
963,VEN
964,GLL
965,GBZ
966,SPY
967,OLH
968,RPG
969,FEX
970,MRZ
971,QPON
972,QUAL
973,SDV
974,NSR
975,OOO
976,BXN
977,AYM
978,GGX
979,AML
980,HAS
981,EGH
982,QUS
983,SVY
984,TMX
985,IHOO
986,AMP
987,CZN
988,IMA
989,SSL
990,CSR
991,GRR
992,ISO
993,PAB
994,FSA
995,T3D
996,CVV
997,TMK
998,ACW
999,HSN
1000,SFX
1001,SWF
1002,FLOT
1003,OBL
1004,FRM
1005,OSL
1006,8IH
1007,HGO
1008,ADN
1009,MRQ
1010,CST
1011,AKN
1012,SBM
1013,DCC
1014,AL3
1015,BET
1016,BKY
1017,GTG
1018,RNU
1019,IHCB
1020,ATX
1021,DJRE
1022,AX1
1023,CY5
1024,GAP
1025,SCG
1026,BHD
1027,CHK
1028,ARL
1029,PXX
1030,TMR
1031,SKO
1032,IMD
1033,PAXX
1034,RDV
1035,TAR
1036,PBH
1037,BCB
1038,EGN
1039,LBT
1040,LSA
1041,MGX
1042,MGT
1043,JIN
1044,JAN
1045,ARG
1046,MIN
1047,QOZ
1048,ANN
1049,DGH
1050,KKO
1051,BRL
1052,VGL
1053,FDV
1054,IXC
1055,ZER
1056,WCMQ
1057,RDG
1058,AZJ
1059,MYS
1060,VISM
1061,RED
1062,BGT
1063,AHN
1064,KRR
1065,CURE
1066,FGG
1067,ACDC
1068,DCX
1069,NWL
1070,STA
1071,TLG
1072,HM1
1073,CSS
1074,AEV
1075,OCA
1076,CSL
1077,VMIN
1078,EMKT
1079,CZR
1080,GLV
1081,CAR
1082,EGY
1083,GNE
1084,STO
1085,TAM
1086,UMAX
1087,LKO
1088,WBC
1089,SOM
1090,SDI
1091,AXI
1092,ESR
1093,AAJ
1094,ORR
1095,GLIN
1096,AVA
1097,CRN
1098,RCL
1099,ASIA
1100,GIB
1101,MRR
1102,RHY
1103,DTM
1104,MIL
1105,BNKS
1106,CCZ
1107,CVW
1108,AHF
1109,FBR
1110,KAM
1111,TOU
1112,SIV
1113,RDN
1114,BNL
1115,GES
1116,DCL
1117,IPC
1118,WNR
1119,TNY
1120,GC1
1121,3DP
1122,ADT
1123,MAM
1124,EOL
1125,CLX
1126,AFA
1127,ENN
1128,MOT
1129,INR
1130,EDE
1131,CAF
1132,PPC
1133,NXS
1134,TIA
1135,EVO
1136,PPS
1137,IKO
1138,IKE
1139,IAM
1140,AVZ
1141,DME
1142,1AD
1143,LKE
1144,KNO
1145,PRX
1146,VMG
1147,AKP
1148,CAQ
1149,ADO
1150,BCN
1151,AUI
1152,GMN
1153,BOQ
1154,OSX
1155,RAN
1156,HEUR
1157,SNL
1158,3DA
1159,CFO
1160,ARD
1161,CGF
1162,CMP
1163,LOT
1164,ONE
1165,ATH
1166,AMI
1167,ORA
1168,ZEU
1169,LIC
1170,CXU
1171,MRM
1172,VAE
1173,SSO
1174,BC8
1175,DNA
1176,SLR
1177,KOV
1178,AVW
1179,SND
1180,HGL
1181,SGM
1182,PIXX
1183,RGL
1184,PWH
1185,RYD
1186,RVS
1187,AVJ
1188,GTR
1189,CT1
1190,CAT
1191,IAA
1192,NC6
1193,BILL
1194,NIC
1195,DSE
1196,EMU
1197,CYL
1198,BKI
1199,LVT
1200,CTO
1201,MDC
1202,ACS
1203,NGY
1204,ATS
1205,PTR
1206,MTO
1207,VKA
1208,OFX
1209,NEU
1210,ZNC
1211,PAA
1212,IMPQ
1213,LVH
1214,RLG
1215,CGR
1216,NTI
1217,LOV
1218,JYC
1219,8VI
1220,FOR
1221,SMR
1222,LIT
1223,R3D
1224,IAG
1225,ESK
1226,IEM
1227,RBR
1228,SHL
1229,WAM
1230,PSL
1231,SUBD
1232,HZN
1233,MRD
1234,SPZ
1235,1AG
1236,PRO
1237,MOAT
1238,LEX
1239,AFP
1240,GML
1241,NCK
1242,BLU
1243,LSR
1244,RTG
1245,SVW
1246,GLA
1247,LEG
1248,PSC
1249,RLT
1250,GMD
1251,GOW
1252,SST
1253,CTE
1254,CEL
1255,IPH
1256,LGP
1257,CDT
1258,NCR
1259,FWD
1260,AQX
1261,OKJ
1262,MAT
1263,VESG
1264,NAM
1265,PTL
1266,RCE
1267,IEL
1268,MGL
1269,SHE
1270,A2B
1271,S66
1272,KAR
1274,AHX
1275,BOE
1276,AIQ
1277,SHJ
1278,PET
1279,ALK
1280,CMW
1281,BBOZ
1282,ELT
1283,GEM
1284,SMI
1285,ACQ
1286,IAF
1287,AC8
1288,AIV
1289,GAL
1290,NAB
1291,ECS
1292,MOGL
1293,QFN
1294,AUDS
1295,BMH
1296,OZF
1297,APC
1298,8CO
1299,AGVT
1300,IXR
1301,XST
1302,RNT
1303,BBUS
1304,MAU
1305,QFE
1306,VMS
1307,ZLD
1308,NWC
1309,PME
1310,S32
1311,SMN
1312,MVP
1313,GGUS
1314,WOR
1315,JPR
1316,CMD
1317,KKC
1318,NWM
1319,CLB
1320,ESTX
1321,VYS
1322,RMC
1323,NXM
1324,SWM
1325,TD1
1326,BOT
1327,PEC
1328,QAU
1330,ARN
1331,MHG
1332,WAT
1333,AL8
1334,GNG
1335,AGR
1336,A3D
1337,SYA
1338,MQR
1339,BRG
1340,VDBA
1341,AMA
1342,MMR
1343,RRL
1344,JAT
1345,RDS
1346,LTR
1347,A200
1348,SGQ
1349,CGO
1350,MVW
1351,UBI
1352,WGX
1353,LCY
1354,ALC
1355,GWA
1356,VIP
1357,CQR
1358,MAN
1359,POS
1360,SOP
1361,AMH
1362,QGL
1363,ELS
1364,CRS
1365,LIN
1366,IIND
1367,LHM
1368,SM1
1369,WKT
1370,RSG
1371,DDR
1372,NAE
1373,COI
1374,SNS
1375,HTG
1376,VSO
1377,NXT
1378,MRL
1379,MP1
1380,AMO
1381,KPG
1382,LLO
1383,BWX
1384,CD1
1385,SUL
1386,IFM
1387,CKF
1388,RIE
1389,XRO
1390,A1G
1391,VEQ
1392,EMB
1393,QBE
1394,IRI
1395,CAN
1396,HVN
1397,INF
1398,PNV
1400,RIC
1401,LYL
1402,QLTY
1403,MSTR
1404,MQG
1405,FLC
1406,CAM
1407,VAF
1408,ATM
1409,IMM
1410,SRV
1411,ANZ
1412,REX
1413,PPE
1414,TBR
1415,IJH
1416,KIN
1417,SGF
1418,TLX
1419,AV1
1420,CVL
1421,LYC
1422,EQT
1423,NSB
1424,GUD
1425,BTH
1426,IGN
1427,IXU
1428,RKN
1429,ECG
1430,AFL
1431,PNI
1432,IPL
1433,SWTZ
1434,CBY
1435,ENX
1436,MEI
1437,CNEW
1438,ATP
1439,TWR
1440,OEQ
1441,PFG
1442,VAR
1443,AMD
1444,RCT
1445,AON
1446,CKA
1447,SMP
1448,XARO
1449,DMP
1450,REZ
1451,AUMF
1452,EBO
1453,WTL
1454,YANK
1455,SIO
1456,MDX
1457,MCE
1458,MSB
1459,SSM
1460,URF
1461,WEB
1462,RDY
1463,SNC
1464,BGP
1465,SIS
1466,RAC
1468,VUL
1469,MTH
1470,MNS
1471,BNR
1472,TOE
1473,CCE
1474,EWC
1475,FHS
1476,LLC
1477,IMC
1478,PUA
1479,IHEB
1480,CUE
1481,OIL
1482,ETPMPT
1483,ID8
1484,NUC
1485,RSH
1486,BSE
1487,MFG
1488,NGE
1489,SLF
1490,SIQ
1491,DXN
1492,FAR
1493,IOD
1494,ISEC
1495,NWS
1496,ALU
1497,RMD
1498,IME
1499,AD1
1500,TEK
1501,IVX
1502,SLX
1503,PSQ
1504,AWC
1505,INES
1506,MTB
1507,TTT
1508,TGP
1509,VDGR
1510,AMS
1511,CE1
1512,OMH
1513,FAU
1514,EOS
1515,GLE
1516,STM
1517,SRI
1518,TEG
1519,REG
1520,AGD
1521,VEFI
1522,WXHG
1523,DTC
1524,CHC
1525,PIC
1526,MNB
1527,HJPN
1528,IPB
1529,IVZ
1530,SVL
1531,WWG
1532,FPH
1533,GOVT
1534,EML
1535,IFRA
1536,FLT
1537,INP
1538,DMG
1539,SRH
1540,VCX
1541,EUR
1542,CXM
1543,IHD
1544,CNB
1545,FSF
1546,CAI
1547,VGS
1548,TTA
1549,BAP
1550,DEM
1551,IXJ
1552,BEL
1553,VDCO
1554,EPM
1555,IDT
1556,RFG
1557,SER
1558,AUH
1559,LML
1560,VACF
1561,AGE
1562,M7T
1563,VR8
1564,LSF
1565,DRE
1566,FPP
1567,ELE
